Account,OrderDate,Order#,OrderType,Code#,ProductDescription,UnitDelivery,UnitReturns,CreditCode,C.B.Date,Supplier#,TotalSell$,BaseSell$,BaseCost$,TaxRate%,TaxIncl,ProdDisc,%$,CustDiscSurg%,Levy$
5,30/12/2014,1,0,280,DF SKIM MILK 2L BTL @9,5,0,,01/01/1900,3820,22.05,4.61,3.67,0,FALSE,4.34,%,0,0
5,30/12/2014,1,0,320,DAIRY FARMERS CREMA FF 2L BTL,10,0,,01/01/1900,4019,37.8,3.96,3.15,0,FALSE,4.55,%,0,0
5,30/12/2014,1,0,3083,VITA SOY CAFE 4 BAR  LF 1L @12,12,0,,01/01/1900,3678,33,2.88,2.36,0,FALSE,4.51,%,0,0
5,08/01/2015,1,0,280,DF SKIM MILK 2L BTL @9,4,0,,01/01/1900,3820,17.64,4.61,3.67,0,FALSE,4.34,%,0,0
5,08/01/2015,1,0,320,DAIRY FARMERS CREMA FF 2L BTL,10,0,,01/01/1900,4019,37.8,3.96,3.15,0,FALSE,4.55,%,0,0